,Game ID,Player ID,Level ID,Objective Difficulty,Number of Attempts,Number of Successful Attempts,Variance of x-Coordinate of Death Locations,Maximum Reached x-Coordinate,Acorns Collected,Average y-Coordinate of Player,Total  Time Spent
0,Sky Knight,-2078392089396569429,Level 2,Medium,7,0,741596.451444,-10497.472,9.0,2525.06687874,80.398773
1,Sky Knight,1691061274387509420,Level 2,Medium,2,1,0.0,19875.508,8.0,-194.393148681,42.199356
2,Sky Knight,-3429732026423663659,Level 4,Hard,4,0,15281509.7154,-10034.17,2.0,3081.35484898,33.8494835
3,Sky Knight,7631471463499897550,Level 2,Medium,2,0,0.0,-10770.712,4.0,2177.10710647,14.4497795
4,Sky Knight,-5358987265515221901,Level 1,Easy,4,0,139830779.587,11195.315,8.0,-277.173964358,73.54905
